{
    "accuracy": 0.9985054388170201,
    "f1_score": 0.9961064411324841,
    "precision": 0.9970062198363744,
    "recall": 0.995208285029755
}